{"stats":{"minecraft:mined":{"minecraft:short_grass":9,"minecraft:acacia_log":1,"minecraft:poppy":1,"minecraft:dandelion":1},"minecraft:custom":{"minecraft:time_since_rest":7817,"minecraft:play_time":7817,"minecraft:sprint_one_cm":17464,"minecraft:walk_one_cm":14351,"minecraft:sneak_time":17,"minecraft:mob_kills":18,"minecraft:jump":74,"minecraft:damage_dealt":720,"minecraft:leave_game":1,"minecraft:time_since_death":7817,"minecraft:walk_on_water_one_cm":428,"minecraft:total_world_time":7817,"minecraft:fall_one_cm":2926,"minecraft:fly_one_cm":80153},"minecraft:used":{"minecraft:turtle_spawn_egg":9,"minecraft:netherite_sword":32,"minecraft:chicken_spawn_egg":19},"minecraft:picked_up":{"minecraft:feather":15,"minecraft:chicken":17,"minecraft:wheat_seeds":2,"minecraft:dandelion":1,"minecraft:acacia_log":1,"minecraft:poppy":1},"minecraft:killed":{"minecraft:chicken":18}},"DataVersion":3955}